Emp_ID,FirstName,LastName,DOB_Day,DOB_Month,DOB_Year,Branch_ID,Rank,
0,Lyric,Soto,23,9,1987,0,0,
1,Bryce,Maddox,10,11,1997,0,0,
2,Cole,Weber,12,1,1975,0,2,
3,Cristofer,Ward,7,6,1970,0,0,
4,Kyan,Brandt,1,9,1993,0,2,
5,Enrique,Shelton,3,10,1988,0,1,
6,Reid,Wilkerson,14,3,1978,0,2,
7,Gage,Schmitt,22,10,1971,0,2,
8,Baron,Riley,8,11,1971,0,2,
9,Armando,Leon,19,1,1994,0,1,
10,Davin,Benson,4,3,1982,0,2,
11,Nash,Everett,28,11,1984,0,0,
12,Jaiden,Aguilar,23,12,1983,0,2,
13,Erick,Brown,19,5,1984,0,2,
14,Jase,Dalton,13,8,1980,0,0,
15,Kamari,Gonzalez,4,11,1996,0,1,
16,Jamarion,Zavala,11,10,1990,0,0,
17,Adrian,Williamson,17,8,1987,0,1,
18,Arjun,Dodson,19,3,1996,0,1,
19,Donavan,Carlson,28,7,1979,0,0,
20,Julius,Castro,13,4,1992,0,0,
21,Carson,Christian,21,4,1983,0,2,
22,Abram,Huynh,18,11,1980,0,2,
23,Lewis,Sanford,17,2,1970,0,0,
24,Oscar,Copeland,6,3,1996,0,0,
25,Julien,Sharp,6,1,1975,0,1,
26,Ellis,Freeman,14,1,1997,0,2,
27,Enzo,Carpenter,22,11,1987,1,2,
28,Fletcher,Herring,22,6,1987,1,2,
29,Jamar,Dillon,23,12,1992,1,1,
30,Tyrone,Rowland,27,5,1982,1,0,
31,Aden,Stanley,3,7,1985,1,1,
32,Zaiden,Shields,18,9,1978,1,1,
33,Chance,Newman,10,8,1988,1,2,
34,Jerimiah,Gross,1,5,1978,1,0,
35,Joey,Harding,9,12,1975,1,2,
36,Bo,Duke,16,10,1986,1,2,
37,Joel,Higgins,2,11,1983,1,2,
38,Humberto,McMillan,28,11,1975,1,2,
39,Zack,Floyd,16,8,1976,1,1,
40,Kael,Pena,26,8,1997,1,2,
41,Jermaine,Yates,10,2,1989,1,2,
42,Adam,Butler,14,9,1978,1,2,
43,Clark,Beard,11,9,1994,1,1,
44,Rylan,Burgess,8,7,1999,1,1,
45,Ross,Fuller,23,6,1976,1,2,
46,Kieran,Lawrence,16,5,1986,1,1,
47,Brodie,Buchanan,3,3,1987,1,1,
48,Sidney,David,15,2,1994,1,1,
49,Sean,Solis,23,3,1973,1,1,
50,Arthur,Gilmore,28,10,1998,1,1,
51,Weston,Holden,7,2,1989,1,2,
52,Trenton,Petersen,13,2,1972,1,2,
53,Conrad,Schroeder,19,7,1999,1,2,
54,Dangelo,Duarte,7,12,1990,2,2,
55,Ian,Blevins,18,6,1978,2,1,
56,Isaias,Lynch,9,12,1993,2,0,
57,Soren,Washington,21,9,1995,2,2,
58,Kyle,Sandoval,26,2,1989,2,2,
59,Darien,Hunt,14,1,1982,2,1,
60,Larry,Hebert,4,5,1991,2,1,
61,Sage,Macdonald,9,12,1974,2,1,
62,Matteo,Mack,21,1,1989,2,2,
63,Jabari,Sheppard,12,4,1990,2,2,
64,Kash,McKenzie,9,10,1990,2,2,
65,Austin,Norris,2,10,1992,2,0,
66,Curtis,Dennis,9,11,1975,2,2,
67,Jonathon,Tate,16,11,1994,2,0,
68,Israel,Lyons,10,3,1982,2,1,
69,Octavio,Morgan,3,8,1985,2,0,
70,Everett,Barajas,2,7,1985,2,0,
71,Johnny,Galvan,12,10,1972,2,1,
72,Gustavo,Patel,20,5,1976,2,0,
73,Brayden,Santana,25,9,1986,2,2,
74,Hassan,Meza,1,9,1975,2,1,
75,Dustin,Martinez,16,8,1991,2,1,
76,Moses,Banks,13,1,1988,2,2,
77,Zayne,Hughes,20,9,1991,2,1,
78,Kadyn,Harvey,10,9,1979,2,2,
79,Albert,Grant,4,11,1971,2,1,
80,David,Clayton,18,4,1979,2,0,
81,Zackary,Coffey,3,3,1983,3,0,
82,Gilbert,Pittman,22,6,1992,3,2,
83,Darrell,Hutchinson,3,3,1983,3,2,
84,Efrain,Collier,24,4,1981,3,1,
85,Jon,Stevenson,27,5,1993,3,1,
86,Carmelo,Melendez,9,2,1994,3,0,
87,Quinten,Murillo,13,4,1986,3,2,
88,Donald,Rodgers,23,8,1997,3,2,
89,Keith,Mercer,23,3,1970,3,1,
90,Dominique,Armstrong,10,1,1984,3,0,
91,Timothy,Morales,2,7,1999,3,1,
92,Broderick,Douglas,21,12,1990,3,0,
93,Tyrell,Douven,1,11,1991,3,1,
94,Zachery,Blanchard,10,3,1971,3,0,
95,Wayne,Wallace,16,2,1984,3,0,
96,Marvin,Mckinney,26,4,1991,3,1,
97,Cory,Bird,19,9,1979,3,2,
98,Kaeden,Bradford,25,3,1982,3,2,
99,Gunnar,Cervantes,27,5,1991,3,0,
100,Waylon,Church,20,2,1998,3,1,
101,Keyon,Gordon,21,6,1993,3,0,
102,Angel,George,14,12,1975,3,1,
103,Abdiel,Cochran,11,1,1978,3,1,
104,Dylan,Ayala,16,10,1998,3,1,
105,Edward,Schaefer,2,3,1994,3,1,
106,Roy,Frey,26,1,1977,3,2,
107,Brock,French,4,7,1994,3,1,
108,Alfredo,Obrien,10,4,1992,4,0,
109,Camren,James,11,9,1998,4,0,
110,Rhys,Terry,20,1,1975,4,2,
111,Jayce,Leblanc,16,1,1998,4,0,
112,Elliott,Lewis,1,11,1984,4,1,
113,Felipe,Walton,26,11,1972,4,2,
114,Randy,Walters,5,6,1997,4,0,
115,Elijah,Lloyd,13,9,1980,4,2,
116,Slade,Barker,17,8,1993,4,0,
117,Wilson,Singh,19,7,1999,4,1,
118,Randall,Montes,14,1,1999,4,1,
119,Remington,Franklin,7,1,1978,4,2,
120,Lennon,Pennington,16,3,1982,4,2,
121,Richard,Dunn,15,2,1985,4,0,
122,Nasir,Russo,16,1,1974,4,2,
123,Kellen,Austin,18,6,1990,4,1,
124,Carl,Carter,14,6,1998,4,0,
125,Kingston,Reese,4,6,1983,4,0,
126,Kymani,Mejia,20,5,1988,4,1,
127,Ruben,Hurley,28,12,1998,4,1,
128,Gianni,Krueger,21,1,1993,4,0,
129,Ethan,Foley,8,2,1979,4,1,
130,Misael,Jacobs,22,8,1985,4,2,
131,Bradley,Fox,27,3,1999,4,2,
132,Paxton,Miranda,6,6,1991,4,2,
133,Sebastian,Woods,14,6,1994,4,0,
134,Boston,Glenn,24,6,1975,4,0,
135,Devan,Rich,25,5,1975,5,2,
136,Case,Frank,13,5,1992,5,1,
137,Conner,Nash,13,5,1981,5,0,
138,Antonio,Lawson,10,3,1987,5,1,
139,Lukas,Keller,10,10,1983,5,0,
140,Nick,Novak,13,12,1975,5,2,
141,Alfonso,Holmes,27,9,1997,5,2,
142,Lane,Bowen,21,12,1990,5,0,
143,Andre,Casey,22,3,1978,5,0,
144,Thomas,Burton,23,8,1971,5,0,
145,Tanner,Guzman,4,12,1978,5,0,
146,Leland,Vargas,25,10,1985,5,2,
147,Kylan,Riggs,6,8,1995,5,1,
148,Barrett,Atkins,27,11,1974,5,1,
149,Jaden,Lee,1,3,1999,5,0,
150,Logan,Becker,5,10,1971,5,1,
151,Colton,Potter,24,1,1981,5,0,
152,Axel,Gallegos,28,2,1978,5,1,
153,Giovani,Hahn,4,9,1985,5,2,
154,Royce,Nielsen,8,5,1980,5,0,
155,Caden,Lane,22,2,1976,5,0,
156,Titus,Archer,8,1,1974,5,2,
157,Vicente,Carr,14,2,1976,5,1,
158,Leonel,Mason,19,6,1998,5,0,
159,Jason,Watson,27,8,1981,5,1,
160,Silas,Hardin,7,12,1985,5,1,
161,Damian,Fitzpatrick,13,6,1974,5,2,
162,Rocco,Snyder,4,6,1982,6,2,
163,Antony,Webster,28,5,1996,6,2,
164,Kameron,Rosario,28,11,1986,6,2,
165,Chad,Tanner,16,4,1980,6,2,
166,Kane,Deleon,1,12,1971,6,0,
167,Beckett,Cross,20,10,1991,6,0,
168,Cedric,Solomon,16,8,1981,6,0,
169,Shane,Beasley,14,12,1974,6,1,
170,Mathias,Ibarra,25,11,1981,6,0,
171,Aaron,Arellano,14,1,1972,6,0,
172,Kade,Carney,17,6,1979,6,0,
173,Luca,Garner,16,1,1994,6,1,
174,Reece,Sexton,21,9,1993,6,0,
175,Seth,Garrett,9,1,1999,6,0,
176,Noe,Walker,2,8,1981,6,0,
177,Ezequiel,Gillespie,11,7,1989,6,1,
178,Grady,Hall,16,1,1996,6,2,
179,Uriah,Maldonado,18,9,1979,6,2,
180,Russell,Winters,22,8,1985,6,1,
181,Emmanuel,Barnes,1,8,1979,6,1,
182,Rene,Robles,11,6,1995,6,2,
183,Teagan,Saunders,11,6,1982,6,2,
184,Gavyn,Strong,5,2,1982,6,0,
185,Jaxson,Cowan,26,6,1977,6,1,
186,Antwan,Harrell,10,3,1994,6,0,
187,Maurice,McGuire,3,7,1995,6,2,
188,Maxwell,Hernandez,3,12,1998,6,1,
189,Brendon,Potts,12,12,1997,7,1,
190,Justice,Reed,12,7,1973,7,2,
191,Dax,Mooney,16,7,1978,7,0,
192,Kenny,Carey,17,2,1975,7,0,
193,Damon,Gould,28,9,1987,7,1,
194,Drake,Patterson,28,7,1978,7,2,
195,Tony,Dawson,9,11,1985,7,2,
196,Pedro,Horton,23,11,1985,7,1,
197,Mathew,Farley,19,8,1983,7,2,
198,Dennis,Callahan,22,3,1986,7,2,
199,Jorge,Jensen,2,1,1982,7,1,
200,Ashlyn,English,25,1,1972,7,2,
201,Meadow,Abraham,12,1,1983,7,2,
202,Ava,Allan,10,8,1999,7,0,
203,Ryan,Alsop,24,12,1994,7,0,
204,Makayla,Anderson,10,3,1996,7,0,
205,Livia,Arnold,15,5,1971,7,0,
206,Giada,Avery,16,12,1995,7,1,
207,Vanessa,Bailey,20,12,1974,7,1,
208,Trinity,Baker,25,6,1980,7,2,
209,Pamela,Ball,15,10,1999,7,1,
210,Kianna,Bell,18,4,1972,7,0,
211,Cristal,Berry,18,5,1995,7,0,
212,Natasha,Black,22,10,1991,7,2,
213,Nadia,Blake,21,11,1990,7,1,
214,Skylar,Bond,22,4,1977,7,1,
215,Chloe,Bower,7,6,1983,7,0,
216,Crystal,Brown,1,6,1983,8,0,
217,Cherish,Buckland,4,5,1981,8,0,
218,Victoria,Burgess,5,3,1972,8,1,
219,Marisol,Butler,8,8,1977,8,2,
220,Britney,Cameron,17,12,1998,8,0,
221,Micah,Campbell,7,5,1991,8,0,
222,Isabela,Carr,6,5,1978,8,0,
223,Grace,Chapman,24,5,1998,8,2,
224,Ryleigh,Churchill,26,1,1970,8,1,
225,Jacquelyn,Clark,25,6,1984,8,2,
226,Alejandra,Clarkson,3,8,1982,8,0,
227,Kayley,Coleman,26,8,1991,8,2,
228,Alexia,Cornish,14,2,1974,8,2,
229,Cindy,Davidson,13,9,1992,8,2,
230,Sophia,Davies,11,12,1986,8,0,
231,Renee,Dickens,15,6,1972,8,0,
232,Nia,Dowd,12,7,1988,8,1,
233,Neveah,Duncan,8,6,1998,8,0,
234,Sherlyn,Dyer,28,7,1988,8,0,
235,Josie,Edmunds,2,4,1982,8,2,
236,Mareli,Ellison,27,6,1974,8,2,
237,Addisyn,Ferguson,13,7,1995,8,2,
238,Amaris,Fisher,23,4,1988,8,2,
239,Madalynn,Forsyth,8,12,1988,8,0,
240,Valery,Fraser,14,6,1997,8,1,
241,Olive,Gibson,28,5,1994,8,0,
242,Kinley,Gill,26,9,1986,8,2,
243,Kyleigh,Glover,25,6,1974,9,0,
244,Paloma,Graham,19,6,1979,9,1,
245,Alice,Grant,25,7,1975,9,2,
246,Adriana,Gray,24,9,1988,9,1,
247,Emilee,Greene,11,3,1975,9,2,
248,Jaden,Hamilton,9,2,1994,9,0,
249,Isabella,Hardacre,21,9,1975,9,1,
250,Ximena,Harris,2,4,1974,9,1,
251,Chanel,Hart,21,5,1988,9,0,
252,Reina,Hemmings,5,11,1971,9,2,
253,Mattie,Henderson,8,2,1973,9,0,
254,Melina,Hill,15,5,1999,9,1,
255,Jayla,Hodges,28,1,1981,9,0,
256,Audrey,Howard,17,10,1976,9,2,
257,Maryjane,Hudson,10,2,1973,9,0,
258,Maritza,Hughes,23,11,1987,9,1,
259,Helen,Hunter,25,11,1983,9,1,
260,Patricia,Ince,3,6,1993,9,1,
261,Sasha,Jackson,4,8,1985,9,1,
262,Paityn,James,7,12,1982,9,2,
263,Alina,Johnston,26,5,1993,9,1,
264,Charlize,Jones,22,7,1970,9,1,
265,Megan,Kelly,13,5,1976,9,2,
266,Marlee,Kerr,22,5,1983,9,2,
267,Jillian,King,8,12,1971,9,0,
268,Evie,Knox,5,3,1992,9,0,
269,Lily,Lambert,11,11,1976,9,1,
270,Camila,Langdon,7,1,1999,10,2,
271,Erika,Lawrence,17,8,1988,10,1,
272,Paige,Lee,19,5,1982,10,0,
273,Lina,Lewis,22,6,1990,10,2,
274,Lucille,Lyman,16,11,1986,10,0,
275,Alexus,MacDonald,13,6,1992,10,1,
276,Natalya,Mackay,20,4,1995,10,2,
277,Jaylene,Mackenzie,20,3,1974,10,0,
278,Isabelle,MacLeod,6,2,1998,10,2,
279,Elsa,Manning,27,12,1987,10,0,
280,Jaida,Marshall,18,10,1987,10,1,
281,Lucia,Martin,2,5,1999,10,1,
282,Fatima,Mathis,21,9,1982,10,2,
283,Elliana,May,5,3,1985,10,2,
284,Lucy,McDonald,18,11,1971,10,2,
285,Kenley,McLean,15,7,1975,10,1,
286,Nevaeh,McGrath,15,8,1997,10,0,
287,Jaiden,Metcalfe,27,6,1996,10,0,
288,Deja,Miller,16,7,1970,10,2,
289,Justine,Mills,25,2,1978,10,0,
290,Lola,Mitchell,27,5,1995,10,2,
291,Angelina,Morgan,4,4,1974,10,0,
292,Tanya,Morrison,7,2,1994,10,0,
293,Princess,Murray,28,5,1971,10,0,
294,Celeste,Nash,26,11,1986,10,2,
295,Genesis,Newman,12,8,1988,10,2,
296,Carley,Nolan,24,11,1981,10,2,
297,Emmalee,North,2,8,1992,11,0,
298,Tess,Ogden,4,6,1981,11,0,
299,Hanna,Oliver,24,11,1987,11,0,
